1647563400;2022. 03. 18. 1:30:00;1
1647563700;2022. 03. 18. 1:35:00;1
1647573000;2022. 03. 18. 4:10:00;1
1647575400;2022. 03. 18. 4:50:00;1
1647575700;2022. 03. 18. 4:55:00;2
1647576000;2022. 03. 18. 5:00:00;1
1647576900;2022. 03. 18. 5:15:00;1
1647577800;2022. 03. 18. 5:30:00;1
1647578700;2022. 03. 18. 5:45:00;2
1647579000;2022. 03. 18. 5:50:00;1
1647579300;2022. 03. 18. 5:55:00;1
1647579600;2022. 03. 18. 6:00:00;2
1647579900;2022. 03. 18. 6:05:00;1
1647580200;2022. 03. 18. 6:10:00;1
1647580500;2022. 03. 18. 6:15:00;1
1647580800;2022. 03. 18. 6:20:00;2
1647581100;2022. 03. 18. 6:25:00;2
1647581400;2022. 03. 18. 6:30:00;1
1647581700;2022. 03. 18. 6:35:00;1
1647582300;2022. 03. 18. 6:45:00;3
1647582600;2022. 03. 18. 6:50:00;4
1647582900;2022. 03. 18. 6:55:00;5
1647583200;2022. 03. 18. 7:00:00;3
1647583500;2022. 03. 18. 7:05:00;4
1647583800;2022. 03. 18. 7:10:00;4
1647584100;2022. 03. 18. 7:15:00;5
1647584400;2022. 03. 18. 7:20:00;7
1647584700;2022. 03. 18. 7:25:00;8
1647585000;2022. 03. 18. 7:30:00;6
1647585300;2022. 03. 18. 7:35:00;6
1647585600;2022. 03. 18. 7:40:00;8
1647585900;2022. 03. 18. 7:45:00;6
1647586200;2022. 03. 18. 7:50:00;6
1647586500;2022. 03. 18. 7:55:00;5
1647586800;2022. 03. 18. 8:00:00;6
1647587100;2022. 03. 18. 8:05:00;6
1647587400;2022. 03. 18. 8:10:00;7
1647587700;2022. 03. 18. 8:15:00;7
1647588000;2022. 03. 18. 8:20:00;9
1647588300;2022. 03. 18. 8:25:00;8
1647588600;2022. 03. 18. 8:30:00;10
1647588900;2022. 03. 18. 8:35:00;9
1647589200;2022. 03. 18. 8:40:00;10
1647589500;2022. 03. 18. 8:45:00;9
1647589800;2022. 03. 18. 8:50:00;9
1647590100;2022. 03. 18. 8:55:00;13
1647590400;2022. 03. 18. 9:00:00;11
1647590700;2022. 03. 18. 9:05:00;9
1647591000;2022. 03. 18. 9:10:00;9
1647591300;2022. 03. 18. 9:15:00;10
1647591600;2022. 03. 18. 9:20:00;9
1647591900;2022. 03. 18. 9:25:00;10
1647592200;2022. 03. 18. 9:30:00;11
1647592500;2022. 03. 18. 9:35:00;8
1647592800;2022. 03. 18. 9:40:00;8
1647593100;2022. 03. 18. 9:45:00;8
1647593400;2022. 03. 18. 9:50:00;8
1647593700;2022. 03. 18. 9:55:00;7
1647594000;2022. 03. 18. 10:00:00;8
1647594300;2022. 03. 18. 10:05:00;9
1647594600;2022. 03. 18. 10:10:00;11
1647594900;2022. 03. 18. 10:15:00;11
1647595200;2022. 03. 18. 10:20:00;10
1647595500;2022. 03. 18. 10:25:00;10
1647595800;2022. 03. 18. 10:30:00;10
1647596100;2022. 03. 18. 10:35:00;10
1647596400;2022. 03. 18. 10:40:00;8
1647596700;2022. 03. 18. 10:45:00;8
1647597000;2022. 03. 18. 10:50:00;8
1647597300;2022. 03. 18. 10:55:00;8
1647597600;2022. 03. 18. 11:00:00;9
1647597900;2022. 03. 18. 11:05:00;9
1647598200;2022. 03. 18. 11:10:00;9
1647598500;2022. 03. 18. 11:15:00;9
1647598800;2022. 03. 18. 11:20:00;11
1647599100;2022. 03. 18. 11:25:00;12
1647599400;2022. 03. 18. 11:30:00;14
1647599700;2022. 03. 18. 11:35:00;14
1647600000;2022. 03. 18. 11:40:00;12
1647600300;2022. 03. 18. 11:45:00;10
1647600600;2022. 03. 18. 11:50:00;8
1647600900;2022. 03. 18. 11:55:00;7
1647601200;2022. 03. 18. 12:00:00;7
1647601500;2022. 03. 18. 12:05:00;11
1647601800;2022. 03. 18. 12:10:00;6
1647602100;2022. 03. 18. 12:15:00;7
1647602400;2022. 03. 18. 12:20:00;7
1647602700;2022. 03. 18. 12:25:00;6
1647603000;2022. 03. 18. 12:30:00;5
1647603300;2022. 03. 18. 12:35:00;6
1647603600;2022. 03. 18. 12:40:00;7
1647603900;2022. 03. 18. 12:45:00;8
1647604200;2022. 03. 18. 12:50:00;6
1647604500;2022. 03. 18. 12:55:00;6
1647604800;2022. 03. 18. 13:00:00;8
1647605100;2022. 03. 18. 13:05:00;8
1647605400;2022. 03. 18. 13:10:00;8
1647605700;2022. 03. 18. 13:15:00;6
1647606000;2022. 03. 18. 13:20:00;8
1647606300;2022. 03. 18. 13:25:00;7
1647606600;2022. 03. 18. 13:30:00;7
1647606900;2022. 03. 18. 13:35:00;6
1647607200;2022. 03. 18. 13:40:00;4
1647607500;2022. 03. 18. 13:45:00;4
1647607800;2022. 03. 18. 13:50:00;5
1647608100;2022. 03. 18. 13:55:00;2
1647608400;2022. 03. 18. 14:00:00;3
1647608700;2022. 03. 18. 14:05:00;3
1647609000;2022. 03. 18. 14:10:00;5
1647609300;2022. 03. 18. 14:15:00;4
1647609600;2022. 03. 18. 14:20:00;4
1647609900;2022. 03. 18. 14:25:00;3
1647610200;2022. 03. 18. 14:30:00;4
1647610500;2022. 03. 18. 14:35:00;3
1647610800;2022. 03. 18. 14:40:00;6
1647611100;2022. 03. 18. 14:45:00;6
1647611400;2022. 03. 18. 14:50:00;3
1647611700;2022. 03. 18. 14:55:00;4
1647612000;2022. 03. 18. 15:00:00;5
1647612300;2022. 03. 18. 15:05:00;5
1647612600;2022. 03. 18. 15:10:00;4
1647612900;2022. 03. 18. 15:15:00;4
1647613200;2022. 03. 18. 15:20:00;5
1647613500;2022. 03. 18. 15:25:00;5
1647613800;2022. 03. 18. 15:30:00;6
1647614100;2022. 03. 18. 15:35:00;6
1647614400;2022. 03. 18. 15:40:00;6
1647614700;2022. 03. 18. 15:45:00;7
1647615000;2022. 03. 18. 15:50:00;6
1647615300;2022. 03. 18. 15:55:00;8
1647615600;2022. 03. 18. 16:00:00;9
1647615900;2022. 03. 18. 16:05:00;9
1647616200;2022. 03. 18. 16:10:00;10
1647616500;2022. 03. 18. 16:15:00;10
1647616800;2022. 03. 18. 16:20:00;10
1647617100;2022. 03. 18. 16:25:00;11
1647617400;2022. 03. 18. 16:30:00;12
1647617700;2022. 03. 18. 16:35:00;11
1647618000;2022. 03. 18. 16:40:00;10
1647618300;2022. 03. 18. 16:45:00;11
1647618600;2022. 03. 18. 16:50:00;12
1647618900;2022. 03. 18. 16:55:00;11
1647619200;2022. 03. 18. 17:00:00;13
1647619500;2022. 03. 18. 17:05:00;14
1647619800;2022. 03. 18. 17:10:00;15
1647620100;2022. 03. 18. 17:15:00;13
1647620400;2022. 03. 18. 17:20:00;15
1647620700;2022. 03. 18. 17:25:00;12
1647621000;2022. 03. 18. 17:30:00;14
1647621300;2022. 03. 18. 17:35:00;14
1647621600;2022. 03. 18. 17:40:00;17
1647621900;2022. 03. 18. 17:45:00;16
1647622200;2022. 03. 18. 17:50:00;16
1647622500;2022. 03. 18. 17:55:00;15
1647622800;2022. 03. 18. 18:00:00;17
1647623100;2022. 03. 18. 18:05:00;14
1647623400;2022. 03. 18. 18:10:00;15
1647623700;2022. 03. 18. 18:15:00;16
1647624000;2022. 03. 18. 18:20:00;13
1647624300;2022. 03. 18. 18:25:00;15
1647624600;2022. 03. 18. 18:30:00;14
1647624900;2022. 03. 18. 18:35:00;16
1647625200;2022. 03. 18. 18:40:00;18
1647625500;2022. 03. 18. 18:45:00;19
1647625800;2022. 03. 18. 18:50:00;16
1647626100;2022. 03. 18. 18:55:00;13
1647626400;2022. 03. 18. 19:00:00;12
1647626700;2022. 03. 18. 19:05:00;14
1647627000;2022. 03. 18. 19:10:00;15
1647627300;2022. 03. 18. 19:15:00;16
1647627600;2022. 03. 18. 19:20:00;18
1647627900;2022. 03. 18. 19:25:00;19
1647628200;2022. 03. 18. 19:30:00;16
1647628500;2022. 03. 18. 19:35:00;16
1647628800;2022. 03. 18. 19:40:00;16
1647629100;2022. 03. 18. 19:45:00;18
1647629400;2022. 03. 18. 19:50:00;18
1647629700;2022. 03. 18. 19:55:00;13
1647630000;2022. 03. 18. 20:00:00;14
1647630300;2022. 03. 18. 20:05:00;13
1647630600;2022. 03. 18. 20:10:00;12
1647630900;2022. 03. 18. 20:15:00;13
1647631200;2022. 03. 18. 20:20:00;11
1647631500;2022. 03. 18. 20:25:00;10
1647631800;2022. 03. 18. 20:30:00;11
1647632100;2022. 03. 18. 20:35:00;11
1647632400;2022. 03. 18. 20:40:00;9
1647632700;2022. 03. 18. 20:45:00;10
1647633000;2022. 03. 18. 20:50:00;11
1647633300;2022. 03. 18. 20:55:00;13
1647633600;2022. 03. 18. 21:00:00;12
1647633900;2022. 03. 18. 21:05:00;12
1647634200;2022. 03. 18. 21:10:00;10
1647634500;2022. 03. 18. 21:15:00;12
1647634800;2022. 03. 18. 21:20:00;11
1647635100;2022. 03. 18. 21:25:00;14
1647635400;2022. 03. 18. 21:30:00;14
1647635700;2022. 03. 18. 21:35:00;14
1647636000;2022. 03. 18. 21:40:00;11
1647636300;2022. 03. 18. 21:45:00;11
1647636600;2022. 03. 18. 21:50:00;11
1647636900;2022. 03. 18. 21:55:00;11
1647637200;2022. 03. 18. 22:00:00;13
1647637500;2022. 03. 18. 22:05:00;12
1647637800;2022. 03. 18. 22:10:00;13
1647638100;2022. 03. 18. 22:15:00;14
1647638400;2022. 03. 18. 22:20:00;13
1647638700;2022. 03. 18. 22:25:00;14
1647639000;2022. 03. 18. 22:30:00;12
1647639300;2022. 03. 18. 22:35:00;12
1647639600;2022. 03. 18. 22:40:00;12
1647639900;2022. 03. 18. 22:45:00;11
1647640200;2022. 03. 18. 22:50:00;10
1647640500;2022. 03. 18. 22:55:00;10
1647640800;2022. 03. 18. 23:00:00;10
1647641100;2022. 03. 18. 23:05:00;12
1647641400;2022. 03. 18. 23:10:00;12
1647641700;2022. 03. 18. 23:15:00;12
1647642000;2022. 03. 18. 23:20:00;12
1647642300;2022. 03. 18. 23:25:00;11
1647642600;2022. 03. 18. 23:30:00;12
1647642900;2022. 03. 18. 23:35:00;12
1647643200;2022. 03. 18. 23:40:00;11
1647643500;2022. 03. 18. 23:45:00;10
1647643800;2022. 03. 18. 23:50:00;7
1647644100;2022. 03. 18. 23:55:00;7
1647644400;2022. 03. 19. 0:00:00;7
1647644700;2022. 03. 19. 0:05:00;7
1647645000;2022. 03. 19. 0:10:00;7
1647645300;2022. 03. 19. 0:15:00;8
1647645600;2022. 03. 19. 0:20:00;7
1647645900;2022. 03. 19. 0:25:00;7
1647646200;2022. 03. 19. 0:30:00;7
1647646500;2022. 03. 19. 0:35:00;7
1647646800;2022. 03. 19. 0:40:00;7
1647647100;2022. 03. 19. 0:45:00;7
1647647400;2022. 03. 19. 0:50:00;7
1647647700;2022. 03. 19. 0:55:00;7
1647648000;2022. 03. 19. 1:00:00;7
1647648300;2022. 03. 19. 1:05:00;6
1647648600;2022. 03. 19. 1:10:00;6
1647648900;2022. 03. 19. 1:15:00;6
1647649200;2022. 03. 19. 1:20:00;6
1647649500;2022. 03. 19. 1:25:00;6
1647649800;2022. 03. 19. 1:30:00;6
1647650100;2022. 03. 19. 1:35:00;6
1647650400;2022. 03. 19. 1:40:00;5
1647650700;2022. 03. 19. 1:45:00;5
1647651000;2022. 03. 19. 1:50:00;5
1647651300;2022. 03. 19. 1:55:00;6
1647651600;2022. 03. 19. 2:00:00;6
1647651900;2022. 03. 19. 2:05:00;6
1647652200;2022. 03. 19. 2:10:00;6
1647652500;2022. 03. 19. 2:15:00;6
1647652800;2022. 03. 19. 2:20:00;6
1647653100;2022. 03. 19. 2:25:00;6
1647653400;2022. 03. 19. 2:30:00;6
1647653700;2022. 03. 19. 2:35:00;6
1647654000;2022. 03. 19. 2:40:00;6
1647654300;2022. 03. 19. 2:45:00;6
1647654600;2022. 03. 19. 2:50:00;6
1647654900;2022. 03. 19. 2:55:00;6
1647655200;2022. 03. 19. 3:00:00;5
1647655500;2022. 03. 19. 3:05:00;5
1647655800;2022. 03. 19. 3:10:00;5
1647656100;2022. 03. 19. 3:15:00;5
1647656400;2022. 03. 19. 3:20:00;6
1647656700;2022. 03. 19. 3:25:00;6
1647657000;2022. 03. 19. 3:30:00;6
1647657300;2022. 03. 19. 3:35:00;6
1647657600;2022. 03. 19. 3:40:00;6
1647657900;2022. 03. 19. 3:45:00;5
1647658200;2022. 03. 19. 3:50:00;5
1647658500;2022. 03. 19. 3:55:00;4
1647658800;2022. 03. 19. 4:00:00;5
1647659100;2022. 03. 19. 4:05:00;5
1647659400;2022. 03. 19. 4:10:00;6
1647659700;2022. 03. 19. 4:15:00;6
1647660000;2022. 03. 19. 4:20:00;5
1647660300;2022. 03. 19. 4:25:00;6
1647660600;2022. 03. 19. 4:30:00;6
1647660900;2022. 03. 19. 4:35:00;5
1647661200;2022. 03. 19. 4:40:00;4
1647661500;2022. 03. 19. 4:45:00;3
1647661800;2022. 03. 19. 4:50:00;5
1647662100;2022. 03. 19. 4:55:00;5
1647662400;2022. 03. 19. 5:00:00;5
1647662700;2022. 03. 19. 5:05:00;4
1647663000;2022. 03. 19. 5:10:00;4
1647663300;2022. 03. 19. 5:15:00;4
1647663600;2022. 03. 19. 5:20:00;4
1647663900;2022. 03. 19. 5:25:00;5
1647664200;2022. 03. 19. 5:30:00;7
1647664500;2022. 03. 19. 5:35:00;9
1647664800;2022. 03. 19. 5:40:00;7
1647665100;2022. 03. 19. 5:45:00;8
1647665400;2022. 03. 19. 5:50:00;8
1647665700;2022. 03. 19. 5:55:00;11
1647666000;2022. 03. 19. 6:00:00;8
1647666300;2022. 03. 19. 6:05:00;7
1647666600;2022. 03. 19. 6:10:00;10
1647666900;2022. 03. 19. 6:15:00;11
1647667200;2022. 03. 19. 6:20:00;9
1647667500;2022. 03. 19. 6:25:00;11
1647667800;2022. 03. 19. 6:30:00;12
1647668100;2022. 03. 19. 6:35:00;14
1647668400;2022. 03. 19. 6:40:00;19
1647668700;2022. 03. 19. 6:45:00;18
1647669000;2022. 03. 19. 6:50:00;22
1647669300;2022. 03. 19. 6:55:00;22
1647669600;2022. 03. 19. 7:00:00;20
1647669900;2022. 03. 19. 7:05:00;25
1647670200;2022. 03. 19. 7:10:00;25
1647670500;2022. 03. 19. 7:15:00;24
1647670800;2022. 03. 19. 7:20:00;30
1647671100;2022. 03. 19. 7:25:00;33
1647671400;2022. 03. 19. 7:30:00;38
1647671700;2022. 03. 19. 7:35:00;38
1647672000;2022. 03. 19. 7:40:00;50
1647672300;2022. 03. 19. 7:45:00;66
1647672600;2022. 03. 19. 7:50:00;92
1647672900;2022. 03. 19. 7:55:00;141
1647673200;2022. 03. 19. 8:00:00;169
1647673500;2022. 03. 19. 8:05:00;179
1647673800;2022. 03. 19. 8:10:00;187
1647674100;2022. 03. 19. 8:15:00;194
1647674400;2022. 03. 19. 8:20:00;196
1647674700;2022. 03. 19. 8:25:00;203
1647675000;2022. 03. 19. 8:30:00;211
1647675300;2022. 03. 19. 8:35:00;213
1647675600;2022. 03. 19. 8:40:00;215
1647675900;2022. 03. 19. 8:45:00;221
1647676200;2022. 03. 19. 8:50:00;223
1647676500;2022. 03. 19. 8:55:00;222
1647676800;2022. 03. 19. 9:00:00;235
1647677100;2022. 03. 19. 9:05:00;239
1647677400;2022. 03. 19. 9:10:00;242
1647677700;2022. 03. 19. 9:15:00;235
1647678000;2022. 03. 19. 9:20:00;233
1647678300;2022. 03. 19. 9:25:00;230
1647678600;2022. 03. 19. 9:30:00;232
1647678900;2022. 03. 19. 9:35:00;208
1647679200;2022. 03. 19. 9:40:00;212
1647679500;2022. 03. 19. 9:45:00;206
1647679800;2022. 03. 19. 9:50:00;204
1647680100;2022. 03. 19. 9:55:00;205
1647680400;2022. 03. 19. 10:00:00;216
1647680700;2022. 03. 19. 10:05:00;223
1647681000;2022. 03. 19. 10:10:00;217
1647681300;2022. 03. 19. 10:15:00;227
1647681600;2022. 03. 19. 10:20:00;225
1647681900;2022. 03. 19. 10:25:00;222
1647682200;2022. 03. 19. 10:30:00;224
1647682500;2022. 03. 19. 10:35:00;225
1647682800;2022. 03. 19. 10:40:00;228
1647683100;2022. 03. 19. 10:45:00;225
1647683400;2022. 03. 19. 10:50:00;228
1647683700;2022. 03. 19. 10:55:00;225
1647684000;2022. 03. 19. 11:00:00;223
1647684300;2022. 03. 19. 11:05:00;220
1647684600;2022. 03. 19. 11:10:00;238
1647684900;2022. 03. 19. 11:15:00;230
1647685200;2022. 03. 19. 11:20:00;231
1647685500;2022. 03. 19. 11:25:00;207
1647685800;2022. 03. 19. 11:30:00;188
1647686100;2022. 03. 19. 11:35:00;182
1647686400;2022. 03. 19. 11:40:00;179
1647686700;2022. 03. 19. 11:45:00;178
1647687000;2022. 03. 19. 11:50:00;180
1647687300;2022. 03. 19. 11:55:00;194
1647687600;2022. 03. 19. 12:00:00;219
1647687900;2022. 03. 19. 12:05:00;229
1647688200;2022. 03. 19. 12:10:00;262
1647688500;2022. 03. 19. 12:15:00;291
1647688800;2022. 03. 19. 12:20:00;300
1647689100;2022. 03. 19. 12:25:00;302
1647689400;2022. 03. 19. 12:30:00;304
1647689700;2022. 03. 19. 12:35:00;298
1647690000;2022. 03. 19. 12:40:00;302
1647690300;2022. 03. 19. 12:45:00;302
1647690600;2022. 03. 19. 12:50:00;302
1647690900;2022. 03. 19. 12:55:00;309
1647691200;2022. 03. 19. 13:00:00;306
1647691500;2022. 03. 19. 13:05:00;303
1647691800;2022. 03. 19. 13:10:00;304
1647692100;2022. 03. 19. 13:15:00;301
1647692400;2022. 03. 19. 13:20:00;306
1647692700;2022. 03. 19. 13:25:00;296
1647693000;2022. 03. 19. 13:30:00;298
1647693300;2022. 03. 19. 13:35:00;301
1647693600;2022. 03. 19. 13:40:00;292
1647693900;2022. 03. 19. 13:45:00;282
1647694200;2022. 03. 19. 13:50:00;278
1647694500;2022. 03. 19. 13:55:00;285
1647694800;2022. 03. 19. 14:00:00;278
1647695100;2022. 03. 19. 14:05:00;275
1647695400;2022. 03. 19. 14:10:00;274
1647695700;2022. 03. 19. 14:15:00;271
1647696000;2022. 03. 19. 14:20:00;254
1647696300;2022. 03. 19. 14:25:00;242
1647696600;2022. 03. 19. 14:30:00;217
1647696900;2022. 03. 19. 14:35:00;139
1647697200;2022. 03. 19. 14:40:00;113
1647697500;2022. 03. 19. 14:45:00;69
1647697800;2022. 03. 19. 14:50:00;58
1647698100;2022. 03. 19. 14:55:00;50
1647698400;2022. 03. 19. 15:00:00;49
1647698700;2022. 03. 19. 15:05:00;47
1647699000;2022. 03. 19. 15:10:00;41
1647699300;2022. 03. 19. 15:15:00;37
1647699600;2022. 03. 19. 15:20:00;35
1647699900;2022. 03. 19. 15:25:00;38
1647700200;2022. 03. 19. 15:30:00;36
1647700500;2022. 03. 19. 15:35:00;34
1647700800;2022. 03. 19. 15:40:00;32
1647701100;2022. 03. 19. 15:45:00;33
1647701400;2022. 03. 19. 15:50:00;27
1647701700;2022. 03. 19. 15:55:00;30
1647702000;2022. 03. 19. 16:00:00;30
1647702300;2022. 03. 19. 16:05:00;27
1647702600;2022. 03. 19. 16:10:00;24
1647702900;2022. 03. 19. 16:15:00;26
1647703200;2022. 03. 19. 16:20:00;27
1647703500;2022. 03. 19. 16:25:00;24
1647703800;2022. 03. 19. 16:30:00;24
1647704100;2022. 03. 19. 16:35:00;26
1647704400;2022. 03. 19. 16:40:00;21
1647704700;2022. 03. 19. 16:45:00;22
1647705000;2022. 03. 19. 16:50:00;20
1647705300;2022. 03. 19. 16:55:00;21
1647705600;2022. 03. 19. 17:00:00;20
1647705900;2022. 03. 19. 17:05:00;21
1647706200;2022. 03. 19. 17:10:00;18
1647706500;2022. 03. 19. 17:15:00;19
1647706800;2022. 03. 19. 17:20:00;21
1647707100;2022. 03. 19. 17:25:00;21
1647707400;2022. 03. 19. 17:30:00;20
1647707700;2022. 03. 19. 17:35:00;21
1647708000;2022. 03. 19. 17:40:00;18
1647708300;2022. 03. 19. 17:45:00;23
1647708600;2022. 03. 19. 17:50:00;19
1647708900;2022. 03. 19. 17:55:00;20
1647709200;2022. 03. 19. 18:00:00;23
1647709500;2022. 03. 19. 18:05:00;18
1647709800;2022. 03. 19. 18:10:00;18
1647710100;2022. 03. 19. 18:15:00;20
1647710400;2022. 03. 19. 18:20:00;16
1647710700;2022. 03. 19. 18:25:00;16
1647711000;2022. 03. 19. 18:30:00;17
1647711300;2022. 03. 19. 18:35:00;16
1647711600;2022. 03. 19. 18:40:00;21
1647711900;2022. 03. 19. 18:45:00;19
1647712200;2022. 03. 19. 18:50:00;19
1647712500;2022. 03. 19. 18:55:00;22
1647712800;2022. 03. 19. 19:00:00;21
1647713100;2022. 03. 19. 19:05:00;19
1647713400;2022. 03. 19. 19:10:00;19
1647713700;2022. 03. 19. 19:15:00;21
1647714000;2022. 03. 19. 19:20:00;20
1647714300;2022. 03. 19. 19:25:00;19
1647714600;2022. 03. 19. 19:30:00;19
1647714900;2022. 03. 19. 19:35:00;19
1647715200;2022. 03. 19. 19:40:00;20
1647715500;2022. 03. 19. 19:45:00;18
1647715800;2022. 03. 19. 19:50:00;18
1647716100;2022. 03. 19. 19:55:00;15
1647716400;2022. 03. 19. 20:00:00;16
1647716700;2022. 03. 19. 20:05:00;17
1647717000;2022. 03. 19. 20:10:00;16
1647717300;2022. 03. 19. 20:15:00;16
1647717600;2022. 03. 19. 20:20:00;17
1647717900;2022. 03. 19. 20:25:00;18
1647718200;2022. 03. 19. 20:30:00;18
1647718500;2022. 03. 19. 20:35:00;14
1647718800;2022. 03. 19. 20:40:00;13
1647719100;2022. 03. 19. 20:45:00;13
1647719400;2022. 03. 19. 20:50:00;13
1647719700;2022. 03. 19. 20:55:00;12
1647720000;2022. 03. 19. 21:00:00;13
1647720300;2022. 03. 19. 21:05:00;13
1647720600;2022. 03. 19. 21:10:00;14
1647720900;2022. 03. 19. 21:15:00;12
1647721200;2022. 03. 19. 21:20:00;11
1647721500;2022. 03. 19. 21:25:00;11
1647721800;2022. 03. 19. 21:30:00;11
1647722100;2022. 03. 19. 21:35:00;11
1647722400;2022. 03. 19. 21:40:00;11
1647722700;2022. 03. 19. 21:45:00;11
1647723000;2022. 03. 19. 21:50:00;12
1647723300;2022. 03. 19. 21:55:00;11
1647723600;2022. 03. 19. 22:00:00;12
1647723900;2022. 03. 19. 22:05:00;13
1647724200;2022. 03. 19. 22:10:00;11
1647724500;2022. 03. 19. 22:15:00;10
1647724800;2022. 03. 19. 22:20:00;10
1647725100;2022. 03. 19. 22:25:00;10
1647725400;2022. 03. 19. 22:30:00;9
1647725700;2022. 03. 19. 22:35:00;9
1647726000;2022. 03. 19. 22:40:00;9
1647726300;2022. 03. 19. 22:45:00;9
1647726600;2022. 03. 19. 22:50:00;8
1647726900;2022. 03. 19. 22:55:00;7
1647727200;2022. 03. 19. 23:00:00;8
1647727500;2022. 03. 19. 23:05:00;7
1647727800;2022. 03. 19. 23:10:00;7
1647728100;2022. 03. 19. 23:15:00;8
1647728400;2022. 03. 19. 23:20:00;7
1647728700;2022. 03. 19. 23:25:00;5
1647729000;2022. 03. 19. 23:30:00;6
1647729300;2022. 03. 19. 23:35:00;8
1647729600;2022. 03. 19. 23:40:00;6
1647729900;2022. 03. 19. 23:45:00;5
1647730200;2022. 03. 19. 23:50:00;5
1647730500;2022. 03. 19. 23:55:00;6
1647730800;2022. 03. 20. 0:00:00;6
1647731100;2022. 03. 20. 0:05:00;5
1647731400;2022. 03. 20. 0:10:00;5
1647731700;2022. 03. 20. 0:15:00;6
1647732000;2022. 03. 20. 0:20:00;7
1647732300;2022. 03. 20. 0:25:00;5
1647732600;2022. 03. 20. 0:30:00;4
1647732900;2022. 03. 20. 0:35:00;4
1647733200;2022. 03. 20. 0:40:00;4
1647733500;2022. 03. 20. 0:45:00;4
1647733800;2022. 03. 20. 0:50:00;4
1647734100;2022. 03. 20. 0:55:00;4
1647734400;2022. 03. 20. 1:00:00;4
1647734700;2022. 03. 20. 1:05:00;4
1647735000;2022. 03. 20. 1:10:00;4
1647735300;2022. 03. 20. 1:15:00;4
1647735600;2022. 03. 20. 1:20:00;4
1647735900;2022. 03. 20. 1:25:00;4
1647736200;2022. 03. 20. 1:30:00;4
1647736500;2022. 03. 20. 1:35:00;3
1647736800;2022. 03. 20. 1:40:00;3
1647737100;2022. 03. 20. 1:45:00;3
1647737400;2022. 03. 20. 1:50:00;3
1647737700;2022. 03. 20. 1:55:00;3
1647738000;2022. 03. 20. 2:00:00;3
1647738300;2022. 03. 20. 2:05:00;3
1647738600;2022. 03. 20. 2:10:00;3
1647738900;2022. 03. 20. 2:15:00;3
1647739200;2022. 03. 20. 2:20:00;3
1647739500;2022. 03. 20. 2:25:00;3
1647739800;2022. 03. 20. 2:30:00;3
1647740100;2022. 03. 20. 2:35:00;3
1647740400;2022. 03. 20. 2:40:00;3
1647740700;2022. 03. 20. 2:45:00;3
1647741000;2022. 03. 20. 2:50:00;3
1647741300;2022. 03. 20. 2:55:00;3
1647741600;2022. 03. 20. 3:00:00;3
1647741900;2022. 03. 20. 3:05:00;3
1647742200;2022. 03. 20. 3:10:00;3
1647742500;2022. 03. 20. 3:15:00;3
1647742800;2022. 03. 20. 3:20:00;3
1647743100;2022. 03. 20. 3:25:00;3
1647743400;2022. 03. 20. 3:30:00;3
1647743700;2022. 03. 20. 3:35:00;3
1647744000;2022. 03. 20. 3:40:00;4
1647744300;2022. 03. 20. 3:45:00;3
1647744600;2022. 03. 20. 3:50:00;3
1647744900;2022. 03. 20. 3:55:00;5
1647745200;2022. 03. 20. 4:00:00;4
1647745500;2022. 03. 20. 4:05:00;4
1647745800;2022. 03. 20. 4:10:00;4
1647746100;2022. 03. 20. 4:15:00;3
1647746400;2022. 03. 20. 4:20:00;3
1647746700;2022. 03. 20. 4:25:00;3
1647747000;2022. 03. 20. 4:30:00;3
1647747300;2022. 03. 20. 4:35:00;4
1647747600;2022. 03. 20. 4:40:00;4
1647747900;2022. 03. 20. 4:45:00;3
1647748200;2022. 03. 20. 4:50:00;3
1647748500;2022. 03. 20. 4:55:00;3
1647748800;2022. 03. 20. 5:00:00;3
1647749100;2022. 03. 20. 5:05:00;3
1647749400;2022. 03. 20. 5:10:00;4
1647749700;2022. 03. 20. 5:15:00;4
1647750000;2022. 03. 20. 5:20:00;4
1647750300;2022. 03. 20. 5:25:00;4
1647750600;2022. 03. 20. 5:30:00;5
1647750900;2022. 03. 20. 5:35:00;5
1647751200;2022. 03. 20. 5:40:00;5
1647751500;2022. 03. 20. 5:45:00;5
1647751800;2022. 03. 20. 5:50:00;5
1647752100;2022. 03. 20. 5:55:00;6
1647752400;2022. 03. 20. 6:00:00;6
1647752700;2022. 03. 20. 6:05:00;5
1647753000;2022. 03. 20. 6:10:00;5
1647753300;2022. 03. 20. 6:15:00;6
1647753600;2022. 03. 20. 6:20:00;9
1647753900;2022. 03. 20. 6:25:00;7
1647754200;2022. 03. 20. 6:30:00;7
1647754500;2022. 03. 20. 6:35:00;9
1647754800;2022. 03. 20. 6:40:00;8
1647755100;2022. 03. 20. 6:45:00;9
1647755400;2022. 03. 20. 6:50:00;8
1647755700;2022. 03. 20. 6:55:00;10
1647756000;2022. 03. 20. 7:00:00;9
1647756300;2022. 03. 20. 7:05:00;9
1647756600;2022. 03. 20. 7:10:00;8
1647756900;2022. 03. 20. 7:15:00;7
1647757200;2022. 03. 20. 7:20:00;7
1647757500;2022. 03. 20. 7:25:00;8
1647757800;2022. 03. 20. 7:30:00;7
1647758100;2022. 03. 20. 7:35:00;9
1647758400;2022. 03. 20. 7:40:00;8
1647758700;2022. 03. 20. 7:45:00;7
1647759000;2022. 03. 20. 7:50:00;8
1647759300;2022. 03. 20. 7:55:00;7
1647759600;2022. 03. 20. 8:00:00;7
1647759900;2022. 03. 20. 8:05:00;7
1647760200;2022. 03. 20. 8:10:00;10
1647760500;2022. 03. 20. 8:15:00;8
1647760800;2022. 03. 20. 8:20:00;8
1647761100;2022. 03. 20. 8:25:00;8
1647761400;2022. 03. 20. 8:30:00;6
1647761700;2022. 03. 20. 8:35:00;5
1647762000;2022. 03. 20. 8:40:00;6
1647762300;2022. 03. 20. 8:45:00;6
1647762600;2022. 03. 20. 8:50:00;7
1647762900;2022. 03. 20. 8:55:00;6
1647763200;2022. 03. 20. 9:00:00;8
1647763500;2022. 03. 20. 9:05:00;9
1647763800;2022. 03. 20. 9:10:00;8
1647764100;2022. 03. 20. 9:15:00;8
1647764400;2022. 03. 20. 9:20:00;8
1647764700;2022. 03. 20. 9:25:00;8
1647765000;2022. 03. 20. 9:30:00;9
1647765300;2022. 03. 20. 9:35:00;10
1647765600;2022. 03. 20. 9:40:00;8
1647765900;2022. 03. 20. 9:45:00;11
1647766200;2022. 03. 20. 9:50:00;10
1647766500;2022. 03. 20. 9:55:00;9
1647766800;2022. 03. 20. 10:00:00;7
1647767100;2022. 03. 20. 10:05:00;7
1647767400;2022. 03. 20. 10:10:00;8
1647767700;2022. 03. 20. 10:15:00;8
1647768000;2022. 03. 20. 10:20:00;7
1647768300;2022. 03. 20. 10:25:00;7
1647768600;2022. 03. 20. 10:30:00;8
1647768900;2022. 03. 20. 10:35:00;8
1647769200;2022. 03. 20. 10:40:00;9
1647769500;2022. 03. 20. 10:45:00;8
1647769800;2022. 03. 20. 10:50:00;8
1647770100;2022. 03. 20. 10:55:00;7
1647770400;2022. 03. 20. 11:00:00;7
1647770700;2022. 03. 20. 11:05:00;8
1647771000;2022. 03. 20. 11:10:00;7
1647771300;2022. 03. 20. 11:15:00;8
1647771600;2022. 03. 20. 11:20:00;8
1647771900;2022. 03. 20. 11:25:00;8
1647772200;2022. 03. 20. 11:30:00;8
1647772500;2022. 03. 20. 11:35:00;8
1647772800;2022. 03. 20. 11:40:00;8
1647773100;2022. 03. 20. 11:45:00;8
1647773400;2022. 03. 20. 11:50:00;9
1647773700;2022. 03. 20. 11:55:00;9
1647774000;2022. 03. 20. 12:00:00;9
1647774300;2022. 03. 20. 12:05:00;9
1647774600;2022. 03. 20. 12:10:00;9
1647774900;2022. 03. 20. 12:15:00;8
1647775200;2022. 03. 20. 12:20:00;8
1647775500;2022. 03. 20. 12:25:00;9
1647775800;2022. 03. 20. 12:30:00;9
1647776100;2022. 03. 20. 12:35:00;9
1647776400;2022. 03. 20. 12:40:00;10
1647776700;2022. 03. 20. 12:45:00;9
1647777000;2022. 03. 20. 12:50:00;8
1647777300;2022. 03. 20. 12:55:00;8
1647777600;2022. 03. 20. 13:00:00;8
1647777900;2022. 03. 20. 13:05:00;8
1647778200;2022. 03. 20. 13:10:00;8
1647778500;2022. 03. 20. 13:15:00;8
1647778800;2022. 03. 20. 13:20:00;8
1647779100;2022. 03. 20. 13:25:00;8
1647779400;2022. 03. 20. 13:30:00;8
1647779700;2022. 03. 20. 13:35:00;8
1647780000;2022. 03. 20. 13:40:00;8
1647780300;2022. 03. 20. 13:45:00;9
1647780600;2022. 03. 20. 13:50:00;8
1647780900;2022. 03. 20. 13:55:00;8
1647781200;2022. 03. 20. 14:00:00;8
1647781500;2022. 03. 20. 14:05:00;7
1647781800;2022. 03. 20. 14:10:00;8
1647782100;2022. 03. 20. 14:15:00;8
1647782400;2022. 03. 20. 14:20:00;8
1647782700;2022. 03. 20. 14:25:00;9
1647783000;2022. 03. 20. 14:30:00;8
1647783300;2022. 03. 20. 14:35:00;7
1647783600;2022. 03. 20. 14:40:00;7
1647783900;2022. 03. 20. 14:45:00;7
1647784200;2022. 03. 20. 14:50:00;8
1647784500;2022. 03. 20. 14:55:00;9
1647784800;2022. 03. 20. 15:00:00;7
1647785100;2022. 03. 20. 15:05:00;8
1647785400;2022. 03. 20. 15:10:00;9
1647785700;2022. 03. 20. 15:15:00;7
1647786000;2022. 03. 20. 15:20:00;8
1647786300;2022. 03. 20. 15:25:00;7
1647786600;2022. 03. 20. 15:30:00;7
1647786900;2022. 03. 20. 15:35:00;7
1647787200;2022. 03. 20. 15:40:00;7
1647787500;2022. 03. 20. 15:45:00;8
1647787800;2022. 03. 20. 15:50:00;7
1647788100;2022. 03. 20. 15:55:00;8
1647788400;2022. 03. 20. 16:00:00;7
1647788700;2022. 03. 20. 16:05:00;6
1647789000;2022. 03. 20. 16:10:00;7
1647789300;2022. 03. 20. 16:15:00;6
1647789600;2022. 03. 20. 16:20:00;6
1647789900;2022. 03. 20. 16:25:00;6
1647790200;2022. 03. 20. 16:30:00;6
1647790500;2022. 03. 20. 16:35:00;6
1647790800;2022. 03. 20. 16:40:00;6
1647791100;2022. 03. 20. 16:45:00;8
1647791400;2022. 03. 20. 16:50:00;6
1647791700;2022. 03. 20. 16:55:00;6
1647792000;2022. 03. 20. 17:00:00;6
1647792300;2022. 03. 20. 17:05:00;8
1647792600;2022. 03. 20. 17:10:00;7
1647792900;2022. 03. 20. 17:15:00;7
1647793200;2022. 03. 20. 17:20:00;7
1647793500;2022. 03. 20. 17:25:00;12
1647793800;2022. 03. 20. 17:30:00;9
1647794100;2022. 03. 20. 17:35:00;9
1647794400;2022. 03. 20. 17:40:00;9
1647794700;2022. 03. 20. 17:45:00;9
1647795000;2022. 03. 20. 17:50:00;10
1647795300;2022. 03. 20. 17:55:00;10
1647795600;2022. 03. 20. 18:00:00;10
1647795900;2022. 03. 20. 18:05:00;11
1647796200;2022. 03. 20. 18:10:00;12
1647796500;2022. 03. 20. 18:15:00;11
1647796800;2022. 03. 20. 18:20:00;11
1647797100;2022. 03. 20. 18:25:00;10
1647797400;2022. 03. 20. 18:30:00;10
1647797700;2022. 03. 20. 18:35:00;11
1647798000;2022. 03. 20. 18:40:00;13
1647798300;2022. 03. 20. 18:45:00;13
1647798600;2022. 03. 20. 18:50:00;13
1647798900;2022. 03. 20. 18:55:00;13
1647799200;2022. 03. 20. 19:00:00;12
1647799500;2022. 03. 20. 19:05:00;11
1647799800;2022. 03. 20. 19:10:00;11
1647800100;2022. 03. 20. 19:15:00;11
1647800400;2022. 03. 20. 19:20:00;12
1647800700;2022. 03. 20. 19:25:00;12
1647801000;2022. 03. 20. 19:30:00;11
1647801300;2022. 03. 20. 19:35:00;11
1647801600;2022. 03. 20. 19:40:00;12
1647801900;2022. 03. 20. 19:45:00;12
1647802200;2022. 03. 20. 19:50:00;11
1647802500;2022. 03. 20. 19:55:00;12
1647802800;2022. 03. 20. 20:00:00;11
1647803100;2022. 03. 20. 20:05:00;11
1647803400;2022. 03. 20. 20:10:00;10
1647803700;2022. 03. 20. 20:15:00;10
1647804000;2022. 03. 20. 20:20:00;10
1647804300;2022. 03. 20. 20:25:00;12
1647804600;2022. 03. 20. 20:30:00;11
1647804900;2022. 03. 20. 20:35:00;11
1647805200;2022. 03. 20. 20:40:00;11
1647805500;2022. 03. 20. 20:45:00;9
1647805800;2022. 03. 20. 20:50:00;10
1647806100;2022. 03. 20. 20:55:00;10
1647806400;2022. 03. 20. 21:00:00;8
1647806700;2022. 03. 20. 21:05:00;7
1647807000;2022. 03. 20. 21:10:00;7
1647807300;2022. 03. 20. 21:15:00;6
1647807600;2022. 03. 20. 21:20:00;6
1647807900;2022. 03. 20. 21:25:00;6
1647808200;2022. 03. 20. 21:30:00;6
1647808500;2022. 03. 20. 21:35:00;5
1647808800;2022. 03. 20. 21:40:00;5
1647809100;2022. 03. 20. 21:45:00;5
1647809400;2022. 03. 20. 21:50:00;5
1647809700;2022. 03. 20. 21:55:00;5
1647810000;2022. 03. 20. 22:00:00;5
1647810300;2022. 03. 20. 22:05:00;5
1647810600;2022. 03. 20. 22:10:00;5
1647810900;2022. 03. 20. 22:15:00;6
1647811200;2022. 03. 20. 22:20:00;6
1647811500;2022. 03. 20. 22:25:00;5
1647811800;2022. 03. 20. 22:30:00;4
1647812100;2022. 03. 20. 22:35:00;4
1647812400;2022. 03. 20. 22:40:00;4
1647812700;2022. 03. 20. 22:45:00;4
1647813000;2022. 03. 20. 22:50:00;4
1647813300;2022. 03. 20. 22:55:00;5
1647813600;2022. 03. 20. 23:00:00;5
1647813900;2022. 03. 20. 23:05:00;4
1647814200;2022. 03. 20. 23:10:00;4
1647814500;2022. 03. 20. 23:15:00;4
1647814800;2022. 03. 20. 23:20:00;4
1647815100;2022. 03. 20. 23:25:00;4
1647815400;2022. 03. 20. 23:30:00;4
1647815700;2022. 03. 20. 23:35:00;5
1647816000;2022. 03. 20. 23:40:00;4
1647816300;2022. 03. 20. 23:45:00;4
1647816600;2022. 03. 20. 23:50:00;4
1647816900;2022. 03. 20. 23:55:00;4
1647817200;2022. 03. 21. 0:00:00;4
1647817500;2022. 03. 21. 0:05:00;5
1647817800;2022. 03. 21. 0:10:00;3
1647818100;2022. 03. 21. 0:15:00;3
1647818400;2022. 03. 21. 0:20:00;3
1647818700;2022. 03. 21. 0:25:00;3
1647819000;2022. 03. 21. 0:30:00;3
1647819300;2022. 03. 21. 0:35:00;3
1647819600;2022. 03. 21. 0:40:00;3
1647819900;2022. 03. 21. 0:45:00;3
1647820200;2022. 03. 21. 0:50:00;3
1647820500;2022. 03. 21. 0:55:00;3
1647820800;2022. 03. 21. 1:00:00;3
1647821100;2022. 03. 21. 1:05:00;3
1647821400;2022. 03. 21. 1:10:00;3
1647821700;2022. 03. 21. 1:15:00;3
1647822000;2022. 03. 21. 1:20:00;3
1647822300;2022. 03. 21. 1:25:00;3
1647822600;2022. 03. 21. 1:30:00;3
1647822900;2022. 03. 21. 1:35:00;3
1647823200;2022. 03. 21. 1:40:00;3
1647823500;2022. 03. 21. 1:45:00;3
1647823800;2022. 03. 21. 1:50:00;3
1647824100;2022. 03. 21. 1:55:00;3
1647824400;2022. 03. 21. 2:00:00;3
1647824700;2022. 03. 21. 2:05:00;3
1647825000;2022. 03. 21. 2:10:00;3
1647825300;2022. 03. 21. 2:15:00;3
1647825600;2022. 03. 21. 2:20:00;3
1647825900;2022. 03. 21. 2:25:00;3
1647826200;2022. 03. 21. 2:30:00;3
1647826500;2022. 03. 21. 2:35:00;3
1647826800;2022. 03. 21. 2:40:00;3
1647827100;2022. 03. 21. 2:45:00;3
1647827400;2022. 03. 21. 2:50:00;3
1647827700;2022. 03. 21. 2:55:00;3
1647828000;2022. 03. 21. 3:00:00;3
1647828300;2022. 03. 21. 3:05:00;3
1647828600;2022. 03. 21. 3:10:00;3
1647828900;2022. 03. 21. 3:15:00;3
1647829200;2022. 03. 21. 3:20:00;3
1647829500;2022. 03. 21. 3:25:00;3
1647829800;2022. 03. 21. 3:30:00;3
1647830100;2022. 03. 21. 3:35:00;3
1647830400;2022. 03. 21. 3:40:00;3
1647830700;2022. 03. 21. 3:45:00;3
1647831000;2022. 03. 21. 3:50:00;3
1647831300;2022. 03. 21. 3:55:00;3
1647831600;2022. 03. 21. 4:00:00;3
1647831900;2022. 03. 21. 4:05:00;3
1647832200;2022. 03. 21. 4:10:00;3
1647832500;2022. 03. 21. 4:15:00;3
1647832800;2022. 03. 21. 4:20:00;3
1647833100;2022. 03. 21. 4:25:00;4
1647833400;2022. 03. 21. 4:30:00;3
1647833700;2022. 03. 21. 4:35:00;3
1647834000;2022. 03. 21. 4:40:00;3
1647834300;2022. 03. 21. 4:45:00;3
1647834600;2022. 03. 21. 4:50:00;3
1647834900;2022. 03. 21. 4:55:00;3
1647835200;2022. 03. 21. 5:00:00;3
1647835500;2022. 03. 21. 5:05:00;3
1647835800;2022. 03. 21. 5:10:00;3
1647836100;2022. 03. 21. 5:15:00;3
1647836400;2022. 03. 21. 5:20:00;3
1647836700;2022. 03. 21. 5:25:00;3
1647837000;2022. 03. 21. 5:30:00;4
1647837300;2022. 03. 21. 5:35:00;4
1647837600;2022. 03. 21. 5:40:00;4
1647837900;2022. 03. 21. 5:45:00;4
1647838200;2022. 03. 21. 5:50:00;4
1647838500;2022. 03. 21. 5:55:00;4
1647838800;2022. 03. 21. 6:00:00;3
1647839100;2022. 03. 21. 6:05:00;3
1647839400;2022. 03. 21. 6:10:00;4
1647839700;2022. 03. 21. 6:15:00;4
1647840000;2022. 03. 21. 6:20:00;4
1647840300;2022. 03. 21. 6:25:00;4
1647840600;2022. 03. 21. 6:30:00;4
1647840900;2022. 03. 21. 6:35:00;5
1647841200;2022. 03. 21. 6:40:00;5
1647841500;2022. 03. 21. 6:45:00;4
1647841800;2022. 03. 21. 6:50:00;4
1647842100;2022. 03. 21. 6:55:00;4
1647842400;2022. 03. 21. 7:00:00;5
1647842700;2022. 03. 21. 7:05:00;5
1647843000;2022. 03. 21. 7:10:00;7
1647843300;2022. 03. 21. 7:15:00;5
1647843600;2022. 03. 21. 7:20:00;5
1647843900;2022. 03. 21. 7:25:00;5
1647844200;2022. 03. 21. 7:30:00;5
1647844500;2022. 03. 21. 7:35:00;3
1647844800;2022. 03. 21. 7:40:00;3
1647845100;2022. 03. 21. 7:45:00;4
1647845400;2022. 03. 21. 7:50:00;3
1647845700;2022. 03. 21. 7:55:00;4
1647846000;2022. 03. 21. 8:00:00;6
1647846300;2022. 03. 21. 8:05:00;5
1647846600;2022. 03. 21. 8:10:00;5
1647846900;2022. 03. 21. 8:15:00;5
1647847200;2022. 03. 21. 8:20:00;6
1647847500;2022. 03. 21. 8:25:00;7
1647847800;2022. 03. 21. 8:30:00;5
1647848100;2022. 03. 21. 8:35:00;7
1647848400;2022. 03. 21. 8:40:00;6
1647848700;2022. 03. 21. 8:45:00;6
1647849000;2022. 03. 21. 8:50:00;6
1647849300;2022. 03. 21. 8:55:00;7
1647849600;2022. 03. 21. 9:00:00;6
1647849900;2022. 03. 21. 9:05:00;7
1647850200;2022. 03. 21. 9:10:00;7
1647850500;2022. 03. 21. 9:15:00;7
1647850800;2022. 03. 21. 9:20:00;7
1647851100;2022. 03. 21. 9:25:00;7
1647851400;2022. 03. 21. 9:30:00;6
1647851700;2022. 03. 21. 9:35:00;7
1647852000;2022. 03. 21. 9:40:00;8
1647852300;2022. 03. 21. 9:45:00;6
1647852600;2022. 03. 21. 9:50:00;6
1647852900;2022. 03. 21. 9:55:00;6
1647853200;2022. 03. 21. 10:00:00;6
1647853500;2022. 03. 21. 10:05:00;7
1647853800;2022. 03. 21. 10:10:00;7
1647854100;2022. 03. 21. 10:15:00;8
1647854400;2022. 03. 21. 10:20:00;9
1647854700;2022. 03. 21. 10:25:00;10
1647855000;2022. 03. 21. 10:30:00;9
1647855300;2022. 03. 21. 10:35:00;10
1647855600;2022. 03. 21. 10:40:00;10
1647855900;2022. 03. 21. 10:45:00;8
1647856200;2022. 03. 21. 10:50:00;10
1647856500;2022. 03. 21. 10:55:00;8
1647856800;2022. 03. 21. 11:00:00;7
1647857100;2022. 03. 21. 11:05:00;7
1647857400;2022. 03. 21. 11:10:00;8
1647857700;2022. 03. 21. 11:15:00;10
1647858000;2022. 03. 21. 11:20:00;9
1647858300;2022. 03. 21. 11:25:00;7
1647858600;2022. 03. 21. 11:30:00;7
1647858900;2022. 03. 21. 11:35:00;8
1647859200;2022. 03. 21. 11:40:00;8
1647859500;2022. 03. 21. 11:45:00;9
1647859800;2022. 03. 21. 11:50:00;7
1647860100;2022. 03. 21. 11:55:00;6
1647860400;2022. 03. 21. 12:00:00;5
1647860700;2022. 03. 21. 12:05:00;8
1647861000;2022. 03. 21. 12:10:00;8
1647861300;2022. 03. 21. 12:15:00;6
1647861600;2022. 03. 21. 12:20:00;6
1647861900;2022. 03. 21. 12:25:00;5
1647862200;2022. 03. 21. 12:30:00;4
1647862500;2022. 03. 21. 12:35:00;6
1647862800;2022. 03. 21. 12:40:00;5
1647863100;2022. 03. 21. 12:45:00;4
1647863400;2022. 03. 21. 12:50:00;4
1647863700;2022. 03. 21. 12:55:00;5
1647864000;2022. 03. 21. 13:00:00;6
1647864300;2022. 03. 21. 13:05:00;7
1647864600;2022. 03. 21. 13:10:00;7
1647864900;2022. 03. 21. 13:15:00;6
1647865200;2022. 03. 21. 13:20:00;7
1647865500;2022. 03. 21. 13:25:00;7
1647865800;2022. 03. 21. 13:30:00;6
1647866100;2022. 03. 21. 13:35:00;6
1647866400;2022. 03. 21. 13:40:00;5
1647866700;2022. 03. 21. 13:45:00;5
1647867000;2022. 03. 21. 13:50:00;4
1647867300;2022. 03. 21. 13:55:00;5
1647867600;2022. 03. 21. 14:00:00;7
1647867900;2022. 03. 21. 14:05:00;8
1647868200;2022. 03. 21. 14:10:00;9
1647868500;2022. 03. 21. 14:15:00;8
1647868800;2022. 03. 21. 14:20:00;7
1647869100;2022. 03. 21. 14:25:00;8
1647869400;2022. 03. 21. 14:30:00;7
1647869700;2022. 03. 21. 14:35:00;7
1647870000;2022. 03. 21. 14:40:00;7
1647870300;2022. 03. 21. 14:45:00;7
1647870600;2022. 03. 21. 14:50:00;8
1647870900;2022. 03. 21. 14:55:00;6
1647871200;2022. 03. 21. 15:00:00;5
1647871500;2022. 03. 21. 15:05:00;6
1647871800;2022. 03. 21. 15:10:00;7
1647872100;2022. 03. 21. 15:15:00;6
1647872400;2022. 03. 21. 15:20:00;6
1647872700;2022. 03. 21. 15:25:00;6
1647873000;2022. 03. 21. 15:30:00;7
1647873300;2022. 03. 21. 15:35:00;7
1647873600;2022. 03. 21. 15:40:00;6
1647873900;2022. 03. 21. 15:45:00;6
1647874200;2022. 03. 21. 15:50:00;7
1647874500;2022. 03. 21. 15:55:00;6
1647874800;2022. 03. 21. 16:00:00;6
1647875100;2022. 03. 21. 16:05:00;6
1647875400;2022. 03. 21. 16:10:00;6
1647875700;2022. 03. 21. 16:15:00;8
1647876000;2022. 03. 21. 16:20:00;8
1647876300;2022. 03. 21. 16:25:00;5
1647876600;2022. 03. 21. 16:30:00;4
1647876900;2022. 03. 21. 16:35:00;5
1647877200;2022. 03. 21. 16:40:00;4
1647877500;2022. 03. 21. 16:45:00;5
1647877800;2022. 03. 21. 16:50:00;6
1647878100;2022. 03. 21. 16:55:00;6
1647878400;2022. 03. 21. 17:00:00;5
1647878700;2022. 03. 21. 17:05:00;5
1647879000;2022. 03. 21. 17:10:00;4
1647879300;2022. 03. 21. 17:15:00;5
1647879600;2022. 03. 21. 17:20:00;6
1647879900;2022. 03. 21. 17:25:00;5
1647880200;2022. 03. 21. 17:30:00;6
1647880500;2022. 03. 21. 17:35:00;6
1647880800;2022. 03. 21. 17:40:00;6
1647881100;2022. 03. 21. 17:45:00;7
1647881400;2022. 03. 21. 17:50:00;9
1647881700;2022. 03. 21. 17:55:00;8
1647882000;2022. 03. 21. 18:00:00;8
1647882300;2022. 03. 21. 18:05:00;8
1647882600;2022. 03. 21. 18:10:00;6
1647882900;2022. 03. 21. 18:15:00;7
1647883200;2022. 03. 21. 18:20:00;8
1647883500;2022. 03. 21. 18:25:00;9
1647883800;2022. 03. 21. 18:30:00;9
1647884100;2022. 03. 21. 18:35:00;8
1647884400;2022. 03. 21. 18:40:00;7
1647884700;2022. 03. 21. 18:45:00;9
1647885000;2022. 03. 21. 18:50:00;8
1647885300;2022. 03. 21. 18:55:00;8
1647885600;2022. 03. 21. 19:00:00;8
1647885900;2022. 03. 21. 19:05:00;7
1647886200;2022. 03. 21. 19:10:00;8
1647886500;2022. 03. 21. 19:15:00;7
1647886800;2022. 03. 21. 19:20:00;6
1647887100;2022. 03. 21. 19:25:00;6
1647887400;2022. 03. 21. 19:30:00;5
1647887700;2022. 03. 21. 19:35:00;6
1647888000;2022. 03. 21. 19:40:00;9
1647888300;2022. 03. 21. 19:45:00;6
1647888600;2022. 03. 21. 19:50:00;5
1647888900;2022. 03. 21. 19:55:00;6
1647889200;2022. 03. 21. 20:00:00;6
1647889500;2022. 03. 21. 20:05:00;6
1647889800;2022. 03. 21. 20:10:00;7
1647890100;2022. 03. 21. 20:15:00;5
1647890400;2022. 03. 21. 20:20:00;7
1647890700;2022. 03. 21. 20:25:00;6
1647891000;2022. 03. 21. 20:30:00;6
1647891300;2022. 03. 21. 20:35:00;6
1647891600;2022. 03. 21. 20:40:00;5
1647891900;2022. 03. 21. 20:45:00;6
1647892200;2022. 03. 21. 20:50:00;6
1647892500;2022. 03. 21. 20:55:00;6
1647892800;2022. 03. 21. 21:00:00;5
1647893100;2022. 03. 21. 21:05:00;6
1647893400;2022. 03. 21. 21:10:00;6
1647893700;2022. 03. 21. 21:15:00;3
1647894000;2022. 03. 21. 21:20:00;2
1647894300;2022. 03. 21. 21:25:00;2
1647894600;2022. 03. 21. 21:30:00;2
1647894900;2022. 03. 21. 21:35:00;3
1647895200;2022. 03. 21. 21:40:00;2
1647895500;2022. 03. 21. 21:45:00;2
1647895800;2022. 03. 21. 21:50:00;2
1647896100;2022. 03. 21. 21:55:00;2
1647896400;2022. 03. 21. 22:00:00;2
1647896700;2022. 03. 21. 22:05:00;2
1647897000;2022. 03. 21. 22:10:00;2
1647897300;2022. 03. 21. 22:15:00;2
1647897600;2022. 03. 21. 22:20:00;2
1647897900;2022. 03. 21. 22:25:00;2
1647898200;2022. 03. 21. 22:30:00;2
1647898500;2022. 03. 21. 22:35:00;2
1647898800;2022. 03. 21. 22:40:00;2
1647899100;2022. 03. 21. 22:45:00;2
1647899400;2022. 03. 21. 22:50:00;2
1647899700;2022. 03. 21. 22:55:00;2
1647900000;2022. 03. 21. 23:00:00;2
1647900300;2022. 03. 21. 23:05:00;2
1647900600;2022. 03. 21. 23:10:00;1
1647900900;2022. 03. 21. 23:15:00;1
1647901200;2022. 03. 21. 23:20:00;1
1647901500;2022. 03. 21. 23:25:00;1
1647901800;2022. 03. 21. 23:30:00;1
1647902100;2022. 03. 21. 23:35:00;1
1647902400;2022. 03. 21. 23:40:00;1
1647902700;2022. 03. 21. 23:45:00;1
1647903000;2022. 03. 21. 23:50:00;1
1647903300;2022. 03. 21. 23:55:00;1
1647903600;2022. 03. 22. 0:00:00;1
1647903900;2022. 03. 22. 0:05:00;1
1647904200;2022. 03. 22. 0:10:00;1
1647904500;2022. 03. 22. 0:15:00;1
1647904800;2022. 03. 22. 0:20:00;1
1647905100;2022. 03. 22. 0:25:00;1
1647905400;2022. 03. 22. 0:30:00;1
1647905700;2022. 03. 22. 0:35:00;1
1647906000;2022. 03. 22. 0:40:00;1
1647906300;2022. 03. 22. 0:45:00;1
1647906600;2022. 03. 22. 0:50:00;1
1647906900;2022. 03. 22. 0:55:00;1
1647907200;2022. 03. 22. 1:00:00;1
1647907500;2022. 03. 22. 1:05:00;1
1647907800;2022. 03. 22. 1:10:00;1
1647908100;2022. 03. 22. 1:15:00;1
1647908400;2022. 03. 22. 1:20:00;1
1647908700;2022. 03. 22. 1:25:00;1
1647909000;2022. 03. 22. 1:30:00;1
1647909300;2022. 03. 22. 1:35:00;1
1647909600;2022. 03. 22. 1:40:00;1
1647909900;2022. 03. 22. 1:45:00;1
1647910200;2022. 03. 22. 1:50:00;1
1647910500;2022. 03. 22. 1:55:00;1
1647910800;2022. 03. 22. 2:00:00;1
1647911100;2022. 03. 22. 2:05:00;1
1647911400;2022. 03. 22. 2:10:00;1
1647911700;2022. 03. 22. 2:15:00;1
1647912000;2022. 03. 22. 2:20:00;1
1647912300;2022. 03. 22. 2:25:00;1
1647912600;2022. 03. 22. 2:30:00;1
1647912900;2022. 03. 22. 2:35:00;1
1647913200;2022. 03. 22. 2:40:00;1
1647913500;2022. 03. 22. 2:45:00;1
1647913800;2022. 03. 22. 2:50:00;1
1647914100;2022. 03. 22. 2:55:00;1
1647914400;2022. 03. 22. 3:00:00;1
1647914700;2022. 03. 22. 3:05:00;1
1647915000;2022. 03. 22. 3:10:00;1
1647915300;2022. 03. 22. 3:15:00;1
1647915600;2022. 03. 22. 3:20:00;1
1647915900;2022. 03. 22. 3:25:00;1
1647916200;2022. 03. 22. 3:30:00;1
1647916500;2022. 03. 22. 3:35:00;1
1647916800;2022. 03. 22. 3:40:00;1
1647917100;2022. 03. 22. 3:45:00;1
1647917400;2022. 03. 22. 3:50:00;1
1647917700;2022. 03. 22. 3:55:00;1
1647918000;2022. 03. 22. 4:00:00;1
1647918300;2022. 03. 22. 4:05:00;1
1647918600;2022. 03. 22. 4:10:00;1
1647918900;2022. 03. 22. 4:15:00;1
1647919200;2022. 03. 22. 4:20:00;2
1647919500;2022. 03. 22. 4:25:00;1
1647919800;2022. 03. 22. 4:30:00;1
1647920100;2022. 03. 22. 4:35:00;1
1647920400;2022. 03. 22. 4:40:00;1
1647920700;2022. 03. 22. 4:45:00;1
1647921000;2022. 03. 22. 4:50:00;1
1647921300;2022. 03. 22. 4:55:00;1
1647921600;2022. 03. 22. 5:00:00;1
1647921900;2022. 03. 22. 5:05:00;1
1647922200;2022. 03. 22. 5:10:00;1
1647922500;2022. 03. 22. 5:15:00;1
1647922800;2022. 03. 22. 5:20:00;1
1647923100;2022. 03. 22. 5:25:00;1
1647923400;2022. 03. 22. 5:30:00;1
1647923700;2022. 03. 22. 5:35:00;1
1647924000;2022. 03. 22. 5:40:00;1
1647924300;2022. 03. 22. 5:45:00;1
1647924600;2022. 03. 22. 5:50:00;1
1647924900;2022. 03. 22. 5:55:00;1
1647925200;2022. 03. 22. 6:00:00;1
1647925500;2022. 03. 22. 6:05:00;1
1647925800;2022. 03. 22. 6:10:00;1
1647926100;2022. 03. 22. 6:15:00;1
1647926400;2022. 03. 22. 6:20:00;2
1647926700;2022. 03. 22. 6:25:00;3
1647927000;2022. 03. 22. 6:30:00;3
1647927300;2022. 03. 22. 6:35:00;3
1647927600;2022. 03. 22. 6:40:00;3
1647927900;2022. 03. 22. 6:45:00;2
1647928200;2022. 03. 22. 6:50:00;2
1647928500;2022. 03. 22. 6:55:00;2
1647928800;2022. 03. 22. 7:00:00;2
1647929100;2022. 03. 22. 7:05:00;4
1647929400;2022. 03. 22. 7:10:00;3
1647929700;2022. 03. 22. 7:15:00;4
1647930000;2022. 03. 22. 7:20:00;3
1647930300;2022. 03. 22. 7:25:00;3
1647930600;2022. 03. 22. 7:30:00;3
1647930900;2022. 03. 22. 7:35:00;3
1647931200;2022. 03. 22. 7:40:00;3
1647931500;2022. 03. 22. 7:45:00;3
1647931800;2022. 03. 22. 7:50:00;3
1647932100;2022. 03. 22. 7:55:00;5
1647932400;2022. 03. 22. 8:00:00;4
1647932700;2022. 03. 22. 8:05:00;3
1647933000;2022. 03. 22. 8:10:00;4
1647933300;2022. 03. 22. 8:15:00;4
1647933600;2022. 03. 22. 8:20:00;4
1647933900;2022. 03. 22. 8:25:00;4
1647934200;2022. 03. 22. 8:30:00;5
1647934500;2022. 03. 22. 8:35:00;4
1647934800;2022. 03. 22. 8:40:00;4
1647935100;2022. 03. 22. 8:45:00;4
1647935400;2022. 03. 22. 8:50:00;4
1647935700;2022. 03. 22. 8:55:00;4
1647936000;2022. 03. 22. 9:00:00;5
1647936300;2022. 03. 22. 9:05:00;4
1647936600;2022. 03. 22. 9:10:00;5
1647936900;2022. 03. 22. 9:15:00;6
1647937200;2022. 03. 22. 9:20:00;5
1647937500;2022. 03. 22. 9:25:00;5
1647937800;2022. 03. 22. 9:30:00;5
1647938100;2022. 03. 22. 9:35:00;7
1647938400;2022. 03. 22. 9:40:00;6
1647938700;2022. 03. 22. 9:45:00;6
1647939000;2022. 03. 22. 9:50:00;6
1647939300;2022. 03. 22. 9:55:00;5
1647939600;2022. 03. 22. 10:00:00;6
1647939900;2022. 03. 22. 10:05:00;6
1647940200;2022. 03. 22. 10:10:00;6
1647940500;2022. 03. 22. 10:15:00;5
1647940800;2022. 03. 22. 10:20:00;6
1647941100;2022. 03. 22. 10:25:00;6
1647941400;2022. 03. 22. 10:30:00;6
1647941700;2022. 03. 22. 10:35:00;6
1647942000;2022. 03. 22. 10:40:00;6
1647942300;2022. 03. 22. 10:45:00;5
1647942600;2022. 03. 22. 10:50:00;4
1647942900;2022. 03. 22. 10:55:00;3
1647943200;2022. 03. 22. 11:00:00;3
1647943500;2022. 03. 22. 11:05:00;5
1647943800;2022. 03. 22. 11:10:00;4
1647944100;2022. 03. 22. 11:15:00;6
1647944400;2022. 03. 22. 11:20:00;6
1647944700;2022. 03. 22. 11:25:00;6
1647945000;2022. 03. 22. 11:30:00;5
1647945300;2022. 03. 22. 11:35:00;4
1647945600;2022. 03. 22. 11:40:00;4
1647945900;2022. 03. 22. 11:45:00;5
1647946200;2022. 03. 22. 11:50:00;5
1647946500;2022. 03. 22. 11:55:00;5
1647946800;2022. 03. 22. 12:00:00;4
1647947100;2022. 03. 22. 12:05:00;5
1647947400;2022. 03. 22. 12:10:00;5
1647947700;2022. 03. 22. 12:15:00;5
1647948000;2022. 03. 22. 12:20:00;5
1647948300;2022. 03. 22. 12:25:00;5
1647948600;2022. 03. 22. 12:30:00;4
1647948900;2022. 03. 22. 12:35:00;5
1647949200;2022. 03. 22. 12:40:00;3
1647949500;2022. 03. 22. 12:45:00;4
1647949800;2022. 03. 22. 12:50:00;4
1647950100;2022. 03. 22. 12:55:00;5
1647950400;2022. 03. 22. 13:00:00;4
1647950700;2022. 03. 22. 13:05:00;5
1647951000;2022. 03. 22. 13:10:00;5
1647951300;2022. 03. 22. 13:15:00;5
1647951600;2022. 03. 22. 13:20:00;4
1647951900;2022. 03. 22. 13:25:00;4
1647952200;2022. 03. 22. 13:30:00;4
1647952500;2022. 03. 22. 13:35:00;4
1647952800;2022. 03. 22. 13:40:00;3
1647953100;2022. 03. 22. 13:45:00;3
1647953400;2022. 03. 22. 13:50:00;4
1647953700;2022. 03. 22. 13:55:00;3
1647954000;2022. 03. 22. 14:00:00;4
1647954300;2022. 03. 22. 14:05:00;3
1647954600;2022. 03. 22. 14:10:00;3
1647954900;2022. 03. 22. 14:15:00;3
1647955200;2022. 03. 22. 14:20:00;4
1647955500;2022. 03. 22. 14:25:00;3
1647955800;2022. 03. 22. 14:30:00;3
1647956100;2022. 03. 22. 14:35:00;3
1647956400;2022. 03. 22. 14:40:00;3
1647956700;2022. 03. 22. 14:45:00;3
1647957000;2022. 03. 22. 14:50:00;3
1647957300;2022. 03. 22. 14:55:00;5
1647957600;2022. 03. 22. 15:00:00;5
1647957900;2022. 03. 22. 15:05:00;5
1647958200;2022. 03. 22. 15:10:00;6
1647958500;2022. 03. 22. 15:15:00;5
1647958800;2022. 03. 22. 15:20:00;6
1647959100;2022. 03. 22. 15:25:00;5
1647959400;2022. 03. 22. 15:30:00;6
1647959700;2022. 03. 22. 15:35:00;6
1647960000;2022. 03. 22. 15:40:00;5
1647960300;2022. 03. 22. 15:45:00;7
1647960600;2022. 03. 22. 15:50:00;7
1647960900;2022. 03. 22. 15:55:00;6
1647961200;2022. 03. 22. 16:00:00;6
1647961500;2022. 03. 22. 16:05:00;6
1647961800;2022. 03. 22. 16:10:00;5
1647962100;2022. 03. 22. 16:15:00;6
1647962400;2022. 03. 22. 16:20:00;6
1647962700;2022. 03. 22. 16:25:00;5
1647963000;2022. 03. 22. 16:30:00;6
1647963300;2022. 03. 22. 16:35:00;6
1647963600;2022. 03. 22. 16:40:00;5
1647963900;2022. 03. 22. 16:45:00;6
1647964200;2022. 03. 22. 16:50:00;6
1647964500;2022. 03. 22. 16:55:00;5
1647964800;2022. 03. 22. 17:00:00;6
1647965100;2022. 03. 22. 17:05:00;6
1647965400;2022. 03. 22. 17:10:00;7
1647965700;2022. 03. 22. 17:15:00;7
1647966000;2022. 03. 22. 17:20:00;6
1647966300;2022. 03. 22. 17:25:00;7
1647966600;2022. 03. 22. 17:30:00;8
1647966900;2022. 03. 22. 17:35:00;6
1647967200;2022. 03. 22. 17:40:00;7
1647967500;2022. 03. 22. 17:45:00;8
1647967800;2022. 03. 22. 17:50:00;7
1647968100;2022. 03. 22. 17:55:00;8
1647968400;2022. 03. 22. 18:00:00;8
1647968700;2022. 03. 22. 18:05:00;7
1647969000;2022. 03. 22. 18:10:00;8
1647969300;2022. 03. 22. 18:15:00;8
1647969600;2022. 03. 22. 18:20:00;7
1647969900;2022. 03. 22. 18:25:00;8
1647970200;2022. 03. 22. 18:30:00;8
1647970500;2022. 03. 22. 18:35:00;7
1647970800;2022. 03. 22. 18:40:00;8
1647971100;2022. 03. 22. 18:45:00;8
1647971400;2022. 03. 22. 18:50:00;6
1647971700;2022. 03. 22. 18:55:00;8
1647972000;2022. 03. 22. 19:00:00;6
1647972300;2022. 03. 22. 19:05:00;7
1647972600;2022. 03. 22. 19:10:00;7
1647972900;2022. 03. 22. 19:15:00;6
1647973200;2022. 03. 22. 19:20:00;5
1647973500;2022. 03. 22. 19:25:00;6
1647973800;2022. 03. 22. 19:30:00;5
1647974100;2022. 03. 22. 19:35:00;6
1647974400;2022. 03. 22. 19:40:00;5
1647974700;2022. 03. 22. 19:45:00;6
1647975000;2022. 03. 22. 19:50:00;6
1647975300;2022. 03. 22. 19:55:00;5
1647975600;2022. 03. 22. 20:00:00;3
1647975900;2022. 03. 22. 20:05:00;5
1647976200;2022. 03. 22. 20:10:00;5
1647976500;2022. 03. 22. 20:15:00;6
1647976800;2022. 03. 22. 20:20:00;4
1647977100;2022. 03. 22. 20:25:00;5
1647977400;2022. 03. 22. 20:30:00;4
1647977700;2022. 03. 22. 20:35:00;5
1647978000;2022. 03. 22. 20:40:00;5
1647978300;2022. 03. 22. 20:45:00;7
1647978600;2022. 03. 22. 20:50:00;6
1647978900;2022. 03. 22. 20:55:00;5
1647979200;2022. 03. 22. 21:00:00;4
1647979500;2022. 03. 22. 21:05:00;5
1647979800;2022. 03. 22. 21:10:00;4
1647980100;2022. 03. 22. 21:15:00;4
1647980400;2022. 03. 22. 21:20:00;3
1647980700;2022. 03. 22. 21:25:00;4
1647981000;2022. 03. 22. 21:30:00;3
1647981300;2022. 03. 22. 21:35:00;4
1647981600;2022. 03. 22. 21:40:00;3
1647981900;2022. 03. 22. 21:45:00;4
1647982200;2022. 03. 22. 21:50:00;3
1647982500;2022. 03. 22. 21:55:00;4
1647982800;2022. 03. 22. 22:00:00;2
1647983100;2022. 03. 22. 22:05:00;3
1647983400;2022. 03. 22. 22:10:00;2
1647983700;2022. 03. 22. 22:15:00;3
1647984000;2022. 03. 22. 22:20:00;2
1647984300;2022. 03. 22. 22:25:00;3
1647984600;2022. 03. 22. 22:30:00;2
1647984900;2022. 03. 22. 22:35:00;3
1647985200;2022. 03. 22. 22:40:00;2
1647985500;2022. 03. 22. 22:45:00;3
1647985800;2022. 03. 22. 22:50:00;2
1647986100;2022. 03. 22. 22:55:00;3
1647986400;2022. 03. 22. 23:00:00;2
1647986700;2022. 03. 22. 23:05:00;3
1647987000;2022. 03. 22. 23:10:00;2
1647987300;2022. 03. 22. 23:15:00;2
1647987600;2022. 03. 22. 23:20:00;1
1647987900;2022. 03. 22. 23:25:00;2
1647988200;2022. 03. 22. 23:30:00;1
1647988500;2022. 03. 22. 23:35:00;2
1647988800;2022. 03. 22. 23:40:00;1
1647989100;2022. 03. 22. 23:45:00;2
1647989400;2022. 03. 22. 23:50:00;1
1647989700;2022. 03. 22. 23:55:00;2
1647990000;2022. 03. 23. 0:00:00;1
1647990300;2022. 03. 23. 0:05:00;2
1647990600;2022. 03. 23. 0:10:00;1
1647990900;2022. 03. 23. 0:15:00;2
1647991200;2022. 03. 23. 0:20:00;1
1647991500;2022. 03. 23. 0:25:00;2
1647991800;2022. 03. 23. 0:30:00;1
1647992100;2022. 03. 23. 0:35:00;2
1647992400;2022. 03. 23. 0:40:00;1
1647992700;2022. 03. 23. 0:45:00;2
1647993000;2022. 03. 23. 0:50:00;1
1647993300;2022. 03. 23. 0:55:00;2
1647993600;2022. 03. 23. 1:00:00;1
1647993900;2022. 03. 23. 1:05:00;2
1647994200;2022. 03. 23. 1:10:00;1
1647994500;2022. 03. 23. 1:15:00;2
1647994800;2022. 03. 23. 1:20:00;1
1647995100;2022. 03. 23. 1:25:00;2
1647995400;2022. 03. 23. 1:30:00;1
1647995700;2022. 03. 23. 1:35:00;2
1647996000;2022. 03. 23. 1:40:00;1
1647996300;2022. 03. 23. 1:45:00;2
1647996600;2022. 03. 23. 1:50:00;1
1647996900;2022. 03. 23. 1:55:00;2
1647997200;2022. 03. 23. 2:00:00;1
1647997500;2022. 03. 23. 2:05:00;2
1647997800;2022. 03. 23. 2:10:00;1
1647998100;2022. 03. 23. 2:15:00;2
1647998400;2022. 03. 23. 2:20:00;1
1647998700;2022. 03. 23. 2:25:00;2
1647999000;2022. 03. 23. 2:30:00;1
1647999300;2022. 03. 23. 2:35:00;2
1647999600;2022. 03. 23. 2:40:00;1
1647999900;2022. 03. 23. 2:45:00;2
1648000200;2022. 03. 23. 2:50:00;1
1648000500;2022. 03. 23. 2:55:00;2
1648000800;2022. 03. 23. 3:00:00;1
1648001100;2022. 03. 23. 3:05:00;2
1648001400;2022. 03. 23. 3:10:00;1
1648001700;2022. 03. 23. 3:15:00;2
1648002000;2022. 03. 23. 3:20:00;1
1648002300;2022. 03. 23. 3:25:00;2
1648002600;2022. 03. 23. 3:30:00;1
1648002900;2022. 03. 23. 3:35:00;2
1648003200;2022. 03. 23. 3:40:00;1
1648003500;2022. 03. 23. 3:45:00;2
1648003800;2022. 03. 23. 3:50:00;1
1648004100;2022. 03. 23. 3:55:00;2
1648004400;2022. 03. 23. 4:00:00;1
1648004700;2022. 03. 23. 4:05:00;2
1648005000;2022. 03. 23. 4:10:00;1
1648005300;2022. 03. 23. 4:15:00;2
1648005600;2022. 03. 23. 4:20:00;1
1648005900;2022. 03. 23. 4:25:00;2
1648006200;2022. 03. 23. 4:30:00;1
1648006500;2022. 03. 23. 4:35:00;2
1648006800;2022. 03. 23. 4:40:00;1
1648007100;2022. 03. 23. 4:45:00;2
1648007400;2022. 03. 23. 4:50:00;1
1648007700;2022. 03. 23. 4:55:00;2
1648008000;2022. 03. 23. 5:00:00;2
1648008300;2022. 03. 23. 5:05:00;2
1648008600;2022. 03. 23. 5:10:00;1
1648008900;2022. 03. 23. 5:15:00;2
1648009200;2022. 03. 23. 5:20:00;1
1648009500;2022. 03. 23. 5:25:00;2
1648009800;2022. 03. 23. 5:30:00;1
1648010100;2022. 03. 23. 5:35:00;2
1648010400;2022. 03. 23. 5:40:00;1
1648010700;2022. 03. 23. 5:45:00;2
1648011000;2022. 03. 23. 5:50:00;1
1648011300;2022. 03. 23. 5:55:00;2
1648011600;2022. 03. 23. 6:00:00;2
1648011900;2022. 03. 23. 6:05:00;3
1648012200;2022. 03. 23. 6:10:00;2
1648012500;2022. 03. 23. 6:15:00;3
1648012800;2022. 03. 23. 6:20:00;3
1648013100;2022. 03. 23. 6:25:00;3
1648013400;2022. 03. 23. 6:30:00;2
1648013700;2022. 03. 23. 6:35:00;3
1648014000;2022. 03. 23. 6:40:00;2
1648014300;2022. 03. 23. 6:45:00;3
1648014600;2022. 03. 23. 6:50:00;2
1648014900;2022. 03. 23. 6:55:00;4
1648015200;2022. 03. 23. 7:00:00;3
1648015500;2022. 03. 23. 7:05:00;4
1648015800;2022. 03. 23. 7:10:00;3
1648016100;2022. 03. 23. 7:15:00;4
1648016400;2022. 03. 23. 7:20:00;4
1648016700;2022. 03. 23. 7:25:00;3
1648017000;2022. 03. 23. 7:30:00;3
1648017300;2022. 03. 23. 7:35:00;2
1648017600;2022. 03. 23. 7:40:00;2
1648017900;2022. 03. 23. 7:45:00;2
1648018200;2022. 03. 23. 7:50:00;3
1648018500;2022. 03. 23. 7:55:00;2
1648018800;2022. 03. 23. 8:00:00;3
1648019100;2022. 03. 23. 8:05:00;3
1648019400;2022. 03. 23. 8:10:00;3
1648019700;2022. 03. 23. 8:15:00;2
1648020000;2022. 03. 23. 8:20:00;3
1648020300;2022. 03. 23. 8:25:00;4
1648020600;2022. 03. 23. 8:30:00;4
1648020900;2022. 03. 23. 8:35:00;3
1648021200;2022. 03. 23. 8:40:00;3
